EmployeeID,Region,Country,JobTitle,SubFamily,EmployeeStatus,ManagerID,HRBP
EMP0001,APAC,UK,Director,HR Business Partner,Inactive,EMP0328,EMP0058
EMP0002,APAC,Brazil,Analyst,HR Business Partner,Active,EMP0303,EMP0217
EMP0003,Americas,USA,Specialist,Learning,Inactive,EMP0102,EMP0367
EMP0004,APAC,India,Analyst,Talent Acquisition,Active,EMP0217,EMP0175
EMP0005,Americas,India,Analyst,Learning,Inactive,EMP0434,EMP0177
EMP0006,APAC,UK,Manager,Learning,Inactive,EMP0151,EMP0425
EMP0007,Americas,Singapore,Specialist,HR Business Partner,Inactive,EMP0438,EMP0120
EMP0008,APAC,Germany,Manager,Talent Acquisition,Active,EMP0182,EMP0108
EMP0009,APAC,Singapore,Manager,Learning,Active,EMP0328,EMP0353
EMP0010,EMEA,UK,Specialist,HR Operations,Inactive,EMP0138,EMP0034
EMP0011,EMEA,Denmark,Director,Learning,Inactive,EMP0072,EMP0127
EMP0012,Americas,Germany,Analyst,HR Business Partner,Active,EMP0047,EMP0387
EMP0013,Americas,Brazil,Manager,Compensation,Inactive,EMP0196,EMP0306
EMP0014,Americas,Singapore,Director,HR Operations,Inactive,EMP0151,EMP0223
EMP0015,APAC,Brazil,Analyst,Talent Acquisition,Active,EMP0055,EMP0446
EMP0016,APAC,India,Director,HR Business Partner,Active,EMP0166,EMP0251
EMP0017,Americas,Germany,Specialist,Compensation,Active,EMP0041,EMP0044
EMP0018,Americas,USA,Manager,Learning,Inactive,EMP0271,EMP0447
EMP0019,APAC,USA,Director,Compensation,Active,EMP0461,EMP0265
EMP0020,APAC,India,Manager,HR Operations,Active,EMP0118,EMP0302
EMP0021,Americas,Brazil,Senior Manager,Talent Acquisition,Inactive,EMP0264,EMP0122
EMP0022,Americas,Germany,Senior Manager,Compensation,Active,EMP0402,EMP0243
EMP0023,Americas,USA,Specialist,HR Business Partner,Active,EMP0240,EMP0443
EMP0024,EMEA,Germany,Analyst,Compensation,Active,EMP0098,EMP0275
EMP0025,APAC,Singapore,Specialist,Learning,Active,EMP0414,EMP0442
EMP0026,EMEA,India,Manager,HR Operations,Inactive,EMP0249,EMP0247
EMP0027,APAC,Denmark,Specialist,Compensation,Inactive,EMP0402,EMP0402
EMP0028,APAC,Brazil,Director,Learning,Active,EMP0030,EMP0297
EMP0029,APAC,Brazil,Specialist,HR Operations,Active,EMP0437,EMP0272
EMP0030,EMEA,UK,Director,Learning,Active,EMP0062,EMP0483
EMP0031,EMEA,Germany,Manager,Talent Acquisition,Active,EMP0162,EMP0479
EMP0032,APAC,Brazil,Director,HR Business Partner,Active,EMP0162,EMP0476
EMP0033,EMEA,Denmark,Director,Talent Acquisition,Active,EMP0068,EMP0478
EMP0034,APAC,USA,Analyst,Learning,Active,EMP0155,EMP0314
EMP0035,APAC,UK,Manager,Talent Acquisition,Inactive,EMP0284,EMP0080
EMP0036,APAC,India,Specialist,HR Business Partner,Active,EMP0251,EMP0129
EMP0037,APAC,UK,Director,Compensation,Inactive,EMP0135,EMP0083
EMP0038,APAC,USA,Analyst,Learning,Active,EMP0428,EMP0190
EMP0039,Americas,UK,Specialist,HR Operations,Active,EMP0184,EMP0108
EMP0040,Americas,USA,Specialist,HR Operations,Inactive,EMP0084,EMP0500
EMP0041,APAC,Denmark,Manager,HR Business Partner,Inactive,EMP0082,EMP0404
EMP0042,EMEA,USA,Analyst,HR Operations,Active,EMP0421,EMP0408
EMP0043,APAC,USA,Director,Talent Acquisition,Inactive,EMP0396,EMP0143
EMP0044,EMEA,Brazil,Analyst,HR Business Partner,Inactive,EMP0136,EMP0020
EMP0045,APAC,Brazil,Specialist,HR Operations,Inactive,EMP0461,EMP0296
EMP0046,Americas,USA,Senior Manager,Talent Acquisition,Inactive,EMP0221,EMP0036
EMP0047,Americas,Germany,Specialist,Talent Acquisition,Active,EMP0207,EMP0357
EMP0048,APAC,Germany,Director,Compensation,Active,EMP0292,EMP0155
EMP0049,Americas,Denmark,Analyst,Compensation,Inactive,EMP0165,EMP0239
EMP0050,Americas,USA,Specialist,Learning,Inactive,EMP0264,EMP0340
EMP0051,EMEA,UK,Specialist,HR Operations,Inactive,EMP0013,EMP0024
EMP0052,Americas,UK,Analyst,Compensation,Inactive,EMP0357,EMP0197
EMP0053,APAC,Germany,Senior Manager,HR Operations,Inactive,EMP0218,EMP0113
EMP0054,Americas,Germany,Senior Manager,Learning,Inactive,EMP0272,EMP0287
EMP0055,EMEA,Germany,Manager,HR Operations,Inactive,EMP0133,EMP0385
EMP0056,APAC,Germany,Specialist,Talent Acquisition,Active,EMP0140,EMP0172
EMP0057,EMEA,India,Senior Manager,Compensation,Inactive,EMP0110,EMP0033
EMP0058,APAC,USA,Senior Manager,Learning,Active,EMP0464,EMP0395
EMP0059,EMEA,Germany,Analyst,Compensation,Active,EMP0457,EMP0489
EMP0060,Americas,Brazil,Senior Manager,Compensation,Active,EMP0173,EMP0343
EMP0061,EMEA,Denmark,Manager,HR Business Partner,Active,EMP0289,EMP0340
EMP0062,EMEA,Singapore,Manager,Compensation,Inactive,EMP0168,EMP0109
EMP0063,Americas,India,Analyst,HR Business Partner,Active,EMP0042,EMP0241
EMP0064,APAC,Denmark,Analyst,HR Operations,Active,EMP0016,EMP0487
EMP0065,Americas,Brazil,Analyst,Compensation,Inactive,EMP0486,EMP0112
EMP0066,Americas,UK,Senior Manager,Talent Acquisition,Active,EMP0420,EMP0084
EMP0067,Americas,Brazil,Director,HR Business Partner,Active,EMP0367,EMP0102
EMP0068,Americas,UK,Analyst,Learning,Inactive,EMP0022,EMP0178
EMP0069,Americas,Singapore,Specialist,Compensation,Active,EMP0216,EMP0422
EMP0070,EMEA,Singapore,Director,Learning,Inactive,EMP0091,EMP0376
EMP0071,APAC,Singapore,Director,HR Operations,Active,EMP0166,EMP0437
EMP0072,APAC,Germany,Manager,Talent Acquisition,Active,EMP0343,EMP0195
EMP0073,APAC,Denmark,Senior Manager,Talent Acquisition,Inactive,EMP0133,EMP0175
EMP0074,APAC,India,Specialist,HR Operations,Inactive,EMP0285,EMP0389
EMP0075,EMEA,UK,Manager,Talent Acquisition,Inactive,EMP0355,EMP0125
EMP0076,APAC,UK,Manager,Talent Acquisition,Inactive,EMP0360,EMP0233
EMP0077,EMEA,UK,Director,HR Operations,Active,EMP0381,EMP0275
EMP0078,APAC,USA,Director,HR Operations,Inactive,EMP0145,EMP0052
EMP0079,APAC,Singapore,Director,HR Business Partner,Inactive,EMP0141,EMP0024
EMP0080,EMEA,Singapore,Analyst,Compensation,Inactive,EMP0241,EMP0246
EMP0081,APAC,Singapore,Manager,Compensation,Active,EMP0034,EMP0206
EMP0082,EMEA,Germany,Director,Learning,Inactive,EMP0128,EMP0061
EMP0083,Americas,Denmark,Analyst,Learning,Active,EMP0157,EMP0292
EMP0084,EMEA,Germany,Director,Learning,Active,EMP0123,EMP0089
EMP0085,APAC,UK,Manager,HR Operations,Inactive,EMP0150,EMP0017
EMP0086,Americas,Denmark,Specialist,Learning,Active,EMP0406,EMP0321
EMP0087,EMEA,Brazil,Director,HR Operations,Active,EMP0137,EMP0424
EMP0088,EMEA,Brazil,Senior Manager,HR Business Partner,Inactive,EMP0148,EMP0225
EMP0089,APAC,India,Director,HR Business Partner,Inactive,EMP0042,EMP0307
EMP0090,Americas,UK,Manager,Talent Acquisition,Active,EMP0487,EMP0011
EMP0091,EMEA,USA,Analyst,Compensation,Active,EMP0300,EMP0224
EMP0092,Americas,India,Analyst,Compensation,Inactive,EMP0083,EMP0169
EMP0093,EMEA,India,Director,HR Business Partner,Inactive,EMP0130,EMP0166
EMP0094,EMEA,Brazil,Manager,Compensation,Inactive,EMP0319,EMP0388
EMP0095,Americas,Denmark,Director,Compensation,Active,EMP0451,EMP0358
EMP0096,APAC,UK,Senior Manager,HR Business Partner,Active,EMP0283,EMP0209
EMP0097,EMEA,Denmark,Director,Learning,Inactive,EMP0367,EMP0150
EMP0098,EMEA,USA,Manager,Learning,Active,EMP0197,EMP0098
EMP0099,Americas,Germany,Manager,Talent Acquisition,Inactive,EMP0002,EMP0145
EMP0100,Americas,Denmark,Senior Manager,Compensation,Inactive,EMP0391,EMP0279
EMP0101,Americas,Singapore,Senior Manager,Compensation,Active,EMP0439,EMP0398
EMP0102,Americas,Brazil,Analyst,HR Operations,Inactive,EMP0406,EMP0421
EMP0103,EMEA,Singapore,Specialist,HR Business Partner,Inactive,EMP0433,EMP0226
EMP0104,EMEA,Singapore,Director,Talent Acquisition,Inactive,EMP0241,EMP0401
EMP0105,Americas,UK,Specialist,Compensation,Active,EMP0489,EMP0163
EMP0106,Americas,USA,Analyst,HR Business Partner,Active,EMP0047,EMP0223
EMP0107,APAC,Denmark,Senior Manager,Talent Acquisition,Inactive,EMP0408,EMP0029
EMP0108,Americas,Singapore,Director,HR Operations,Active,EMP0350,EMP0406
EMP0109,Americas,USA,Manager,Learning,Active,EMP0124,EMP0255
EMP0110,EMEA,USA,Manager,Compensation,Inactive,EMP0005,EMP0461
EMP0111,EMEA,Singapore,Analyst,Talent Acquisition,Inactive,EMP0493,EMP0218
EMP0112,Americas,Germany,Analyst,Talent Acquisition,Inactive,EMP0196,EMP0293
EMP0113,Americas,Singapore,Specialist,HR Business Partner,Inactive,EMP0443,EMP0352
EMP0114,EMEA,Singapore,Analyst,Talent Acquisition,Active,EMP0098,EMP0318
EMP0115,Americas,Germany,Specialist,HR Operations,Active,EMP0187,EMP0375
EMP0116,EMEA,Singapore,Manager,Talent Acquisition,Inactive,EMP0403,EMP0277
EMP0117,Americas,USA,Senior Manager,HR Business Partner,Active,EMP0059,EMP0240
EMP0118,Americas,Germany,Manager,HR Business Partner,Inactive,EMP0136,EMP0275
EMP0119,Americas,India,Senior Manager,Compensation,Active,EMP0346,EMP0120
EMP0120,APAC,USA,Analyst,Compensation,Active,EMP0359,EMP0155
EMP0121,EMEA,UK,Director,Learning,Active,EMP0121,EMP0455
EMP0122,Americas,Germany,Analyst,HR Operations,Inactive,EMP0301,EMP0381
EMP0123,APAC,UK,Director,Compensation,Inactive,EMP0190,EMP0112
EMP0124,APAC,Singapore,Analyst,HR Business Partner,Inactive,EMP0331,EMP0184
EMP0125,APAC,Denmark,Specialist,Learning,Active,EMP0109,EMP0329
EMP0126,EMEA,Singapore,Director,Learning,Active,EMP0425,EMP0392
EMP0127,APAC,UK,Specialist,HR Operations,Active,EMP0142,EMP0440
EMP0128,EMEA,India,Senior Manager,HR Operations,Inactive,EMP0184,EMP0405
EMP0129,Americas,Brazil,Senior Manager,HR Business Partner,Inactive,EMP0059,EMP0382
EMP0130,Americas,India,Senior Manager,Learning,Active,EMP0114,EMP0485
EMP0131,APAC,USA,Specialist,HR Business Partner,Inactive,EMP0206,EMP0219
EMP0132,EMEA,Brazil,Senior Manager,Learning,Inactive,EMP0065,EMP0141
EMP0133,APAC,Germany,Senior Manager,HR Business Partner,Active,EMP0407,EMP0360
EMP0134,Americas,USA,Specialist,HR Business Partner,Inactive,EMP0213,EMP0374
EMP0135,EMEA,India,Manager,HR Business Partner,Active,EMP0473,EMP0243
EMP0136,EMEA,Singapore,Senior Manager,HR Business Partner,Inactive,EMP0067,EMP0285
EMP0137,APAC,Brazil,Specialist,HR Business Partner,Inactive,EMP0469,EMP0370
EMP0138,APAC,Singapore,Director,HR Operations,Active,EMP0337,EMP0247
EMP0139,APAC,USA,Manager,Learning,Active,EMP0414,EMP0220
EMP0140,APAC,Denmark,Analyst,HR Business Partner,Active,EMP0174,EMP0180
EMP0141,EMEA,Denmark,Manager,HR Operations,Inactive,EMP0383,EMP0272
EMP0142,APAC,Singapore,Analyst,Learning,Active,EMP0167,EMP0398
EMP0143,EMEA,USA,Director,Compensation,Inactive,EMP0042,EMP0140
EMP0144,APAC,Denmark,Director,HR Business Partner,Inactive,EMP0177,EMP0221
EMP0145,EMEA,USA,Analyst,Talent Acquisition,Active,EMP0004,EMP0105
EMP0146,Americas,Brazil,Manager,HR Operations,Active,EMP0383,EMP0221
EMP0147,APAC,Singapore,Director,HR Business Partner,Inactive,EMP0204,EMP0442
EMP0148,APAC,USA,Director,Compensation,Inactive,EMP0294,EMP0208
EMP0149,APAC,Germany,Senior Manager,Talent Acquisition,Active,EMP0426,EMP0354
EMP0150,APAC,India,Analyst,Talent Acquisition,Inactive,EMP0041,EMP0203
EMP0151,APAC,Denmark,Specialist,Talent Acquisition,Inactive,EMP0262,EMP0100
EMP0152,Americas,Singapore,Senior Manager,HR Business Partner,Active,EMP0309,EMP0079
EMP0153,EMEA,India,Senior Manager,Learning,Inactive,EMP0474,EMP0452
EMP0154,EMEA,Germany,Analyst,Talent Acquisition,Active,EMP0156,EMP0408
EMP0155,EMEA,Brazil,Analyst,Talent Acquisition,Active,EMP0189,EMP0426
EMP0156,Americas,Denmark,Senior Manager,Learning,Active,EMP0466,EMP0415
EMP0157,APAC,UK,Senior Manager,Talent Acquisition,Active,EMP0416,EMP0461
EMP0158,EMEA,Germany,Director,HR Operations,Inactive,EMP0268,EMP0313
EMP0159,Americas,UK,Manager,Talent Acquisition,Active,EMP0405,EMP0324
EMP0160,Americas,UK,Manager,Learning,Active,EMP0371,EMP0437
EMP0161,Americas,Germany,Manager,Compensation,Active,EMP0496,EMP0336
EMP0162,APAC,USA,Specialist,Learning,Active,EMP0066,EMP0344
EMP0163,APAC,India,Analyst,Compensation,Active,EMP0110,EMP0175
EMP0164,Americas,Germany,Specialist,Learning,Active,EMP0395,EMP0277
EMP0165,EMEA,USA,Specialist,Learning,Active,EMP0426,EMP0355
EMP0166,EMEA,Singapore,Specialist,Talent Acquisition,Inactive,EMP0228,EMP0313
EMP0167,EMEA,Brazil,Senior Manager,Learning,Inactive,EMP0348,EMP0485
EMP0168,Americas,Germany,Director,HR Operations,Active,EMP0083,EMP0419
EMP0169,APAC,USA,Director,Learning,Active,EMP0053,EMP0365
EMP0170,APAC,Germany,Senior Manager,HR Business Partner,Active,EMP0426,EMP0224
EMP0171,APAC,USA,Manager,Compensation,Active,EMP0192,EMP0121
EMP0172,Americas,Germany,Director,HR Business Partner,Inactive,EMP0075,EMP0071
EMP0173,Americas,UK,Director,HR Business Partner,Inactive,EMP0464,EMP0041
EMP0174,APAC,Denmark,Director,Talent Acquisition,Active,EMP0057,EMP0398
EMP0175,EMEA,Germany,Director,Compensation,Active,EMP0033,EMP0057
EMP0176,APAC,Brazil,Director,Compensation,Active,EMP0124,EMP0293
EMP0177,Americas,Germany,Manager,HR Business Partner,Inactive,EMP0260,EMP0284
EMP0178,Americas,UK,Specialist,HR Business Partner,Inactive,EMP0009,EMP0183
EMP0179,Americas,Denmark,Analyst,Talent Acquisition,Active,EMP0181,EMP0280
EMP0180,APAC,Singapore,Analyst,Compensation,Active,EMP0398,EMP0484
EMP0181,APAC,Singapore,Specialist,Learning,Inactive,EMP0478,EMP0159
EMP0182,EMEA,Germany,Senior Manager,HR Business Partner,Inactive,EMP0183,EMP0442
EMP0183,EMEA,Singapore,Manager,Talent Acquisition,Active,EMP0490,EMP0198
EMP0184,Americas,USA,Analyst,Compensation,Active,EMP0043,EMP0373
EMP0185,APAC,UK,Manager,Talent Acquisition,Inactive,EMP0168,EMP0339
EMP0186,APAC,UK,Senior Manager,Talent Acquisition,Inactive,EMP0022,EMP0373
EMP0187,APAC,Denmark,Specialist,HR Operations,Active,EMP0263,EMP0411
EMP0188,Americas,Germany,Manager,Talent Acquisition,Inactive,EMP0331,EMP0188
EMP0189,EMEA,UK,Specialist,Learning,Active,EMP0391,EMP0040
EMP0190,EMEA,Singapore,Senior Manager,HR Operations,Inactive,EMP0059,EMP0014
EMP0191,APAC,Germany,Senior Manager,Compensation,Active,EMP0314,EMP0147
EMP0192,EMEA,Singapore,Specialist,Talent Acquisition,Inactive,EMP0415,EMP0350
EMP0193,APAC,Singapore,Analyst,HR Operations,Active,EMP0186,EMP0261
EMP0194,APAC,USA,Senior Manager,Talent Acquisition,Inactive,EMP0284,EMP0294
EMP0195,Americas,India,Senior Manager,Compensation,Active,EMP0211,EMP0394
EMP0196,Americas,Singapore,Analyst,HR Operations,Active,EMP0265,EMP0177
EMP0197,EMEA,Brazil,Analyst,HR Operations,Active,EMP0079,EMP0156
EMP0198,Americas,Brazil,Director,Learning,Inactive,EMP0101,EMP0326
EMP0199,Americas,India,Analyst,Learning,Active,EMP0087,EMP0304
EMP0200,Americas,UK,Senior Manager,Learning,Inactive,EMP0486,EMP0329
EMP0201,Americas,Germany,Senior Manager,Talent Acquisition,Inactive,EMP0322,EMP0280
EMP0202,EMEA,Denmark,Director,HR Operations,Inactive,EMP0353,EMP0031
EMP0203,EMEA,Brazil,Analyst,Talent Acquisition,Inactive,EMP0161,EMP0442
EMP0204,APAC,India,Manager,HR Business Partner,Inactive,EMP0124,EMP0239
EMP0205,EMEA,Brazil,Manager,Learning,Inactive,EMP0197,EMP0443
EMP0206,EMEA,India,Senior Manager,Compensation,Inactive,EMP0391,EMP0082
EMP0207,APAC,USA,Director,HR Operations,Active,EMP0235,EMP0495
EMP0208,EMEA,Denmark,Manager,Compensation,Inactive,EMP0432,EMP0335
EMP0209,EMEA,Brazil,Analyst,HR Business Partner,Inactive,EMP0207,EMP0188
EMP0210,APAC,Germany,Manager,Learning,Inactive,EMP0259,EMP0231
EMP0211,APAC,India,Manager,HR Operations,Active,EMP0481,EMP0188
EMP0212,Americas,USA,Senior Manager,Compensation,Active,EMP0243,EMP0266
EMP0213,EMEA,Singapore,Manager,Talent Acquisition,Inactive,EMP0379,EMP0432
EMP0214,EMEA,UK,Director,Compensation,Inactive,EMP0345,EMP0057
EMP0215,APAC,Singapore,Specialist,Learning,Inactive,EMP0370,EMP0027
EMP0216,EMEA,Germany,Senior Manager,HR Business Partner,Active,EMP0294,EMP0486
EMP0217,Americas,Denmark,Manager,Learning,Inactive,EMP0105,EMP0211
EMP0218,Americas,USA,Manager,Compensation,Inactive,EMP0245,EMP0270
EMP0219,EMEA,Brazil,Specialist,Talent Acquisition,Inactive,EMP0396,EMP0445
EMP0220,EMEA,USA,Manager,Talent Acquisition,Active,EMP0499,EMP0153
EMP0221,APAC,USA,Manager,Learning,Inactive,EMP0063,EMP0294
EMP0222,APAC,Denmark,Manager,Talent Acquisition,Inactive,EMP0366,EMP0041
EMP0223,APAC,India,Director,Talent Acquisition,Active,EMP0288,EMP0357
EMP0224,Americas,Germany,Specialist,HR Business Partner,Active,EMP0327,EMP0120
EMP0225,Americas,Denmark,Manager,HR Operations,Inactive,EMP0494,EMP0282
EMP0226,EMEA,Singapore,Analyst,HR Business Partner,Active,EMP0331,EMP0031
EMP0227,APAC,USA,Director,Compensation,Active,EMP0204,EMP0404
EMP0228,Americas,Germany,Specialist,Talent Acquisition,Inactive,EMP0476,EMP0172
EMP0229,APAC,UK,Manager,HR Operations,Inactive,EMP0058,EMP0170
EMP0230,Americas,USA,Senior Manager,HR Operations,Active,EMP0346,EMP0388
EMP0231,APAC,USA,Specialist,HR Operations,Inactive,EMP0049,EMP0095
EMP0232,Americas,USA,Specialist,Talent Acquisition,Inactive,EMP0386,EMP0137
EMP0233,Americas,Brazil,Manager,Compensation,Inactive,EMP0342,EMP0061
EMP0234,APAC,Germany,Senior Manager,Talent Acquisition,Inactive,EMP0061,EMP0328
EMP0235,Americas,Singapore,Analyst,Compensation,Inactive,EMP0311,EMP0192
EMP0236,Americas,Brazil,Director,Talent Acquisition,Active,EMP0229,EMP0271
EMP0237,Americas,Brazil,Analyst,Talent Acquisition,Inactive,EMP0077,EMP0085
EMP0238,EMEA,Brazil,Director,HR Business Partner,Inactive,EMP0262,EMP0229
EMP0239,APAC,UK,Director,Talent Acquisition,Active,EMP0345,EMP0414
EMP0240,EMEA,India,Senior Manager,Talent Acquisition,Active,EMP0024,EMP0217
EMP0241,EMEA,Germany,Director,Compensation,Inactive,EMP0394,EMP0070
EMP0242,Americas,Denmark,Specialist,Talent Acquisition,Active,EMP0335,EMP0441
EMP0243,Americas,Germany,Specialist,HR Business Partner,Inactive,EMP0002,EMP0388
EMP0244,Americas,Germany,Analyst,Talent Acquisition,Active,EMP0178,EMP0080
EMP0245,APAC,UK,Senior Manager,HR Business Partner,Active,EMP0106,EMP0035
EMP0246,APAC,Singapore,Director,HR Operations,Active,EMP0120,EMP0277
EMP0247,Americas,Brazil,Senior Manager,Talent Acquisition,Active,EMP0296,EMP0307
EMP0248,APAC,USA,Senior Manager,Learning,Active,EMP0141,EMP0032
EMP0249,EMEA,Denmark,Senior Manager,Compensation,Inactive,EMP0269,EMP0164
EMP0250,Americas,Germany,Director,Talent Acquisition,Active,EMP0435,EMP0116
EMP0251,Americas,India,Manager,HR Operations,Inactive,EMP0069,EMP0199
EMP0252,Americas,Brazil,Analyst,HR Operations,Active,EMP0275,EMP0371
EMP0253,EMEA,USA,Specialist,Learning,Active,EMP0038,EMP0097
EMP0254,EMEA,Denmark,Manager,HR Business Partner,Inactive,EMP0098,EMP0493
EMP0255,EMEA,Brazil,Senior Manager,Compensation,Inactive,EMP0145,EMP0195
EMP0256,EMEA,Germany,Director,Compensation,Inactive,EMP0412,EMP0370
EMP0257,EMEA,Denmark,Manager,HR Operations,Active,EMP0114,EMP0380
EMP0258,EMEA,UK,Senior Manager,HR Operations,Inactive,EMP0195,EMP0292
EMP0259,APAC,Brazil,Analyst,Talent Acquisition,Active,EMP0087,EMP0376
EMP0260,APAC,Singapore,Specialist,HR Business Partner,Active,EMP0018,EMP0430
EMP0261,APAC,Brazil,Director,HR Business Partner,Active,EMP0363,EMP0078
EMP0262,APAC,India,Manager,Compensation,Active,EMP0248,EMP0338
EMP0263,APAC,Brazil,Specialist,Learning,Inactive,EMP0147,EMP0009
EMP0264,APAC,USA,Senior Manager,Talent Acquisition,Inactive,EMP0318,EMP0270
EMP0265,APAC,Germany,Senior Manager,HR Operations,Inactive,EMP0125,EMP0357
EMP0266,EMEA,UK,Director,HR Business Partner,Active,EMP0244,EMP0029
EMP0267,Americas,Brazil,Manager,Learning,Active,EMP0499,EMP0049
EMP0268,APAC,Denmark,Specialist,Talent Acquisition,Active,EMP0474,EMP0039
EMP0269,Americas,Denmark,Senior Manager,Compensation,Active,EMP0421,EMP0365
EMP0270,Americas,UK,Analyst,Talent Acquisition,Inactive,EMP0460,EMP0277
EMP0271,APAC,UK,Senior Manager,HR Business Partner,Inactive,EMP0224,EMP0119
EMP0272,Americas,Brazil,Senior Manager,Learning,Inactive,EMP0117,EMP0183
EMP0273,EMEA,Denmark,Specialist,Talent Acquisition,Active,EMP0396,EMP0317
EMP0274,EMEA,Germany,Manager,Talent Acquisition,Active,EMP0200,EMP0163
EMP0275,APAC,India,Manager,HR Operations,Inactive,EMP0068,EMP0045
EMP0276,EMEA,Germany,Analyst,Learning,Inactive,EMP0048,EMP0306
EMP0277,APAC,USA,Manager,HR Operations,Active,EMP0462,EMP0287
EMP0278,EMEA,Germany,Manager,HR Operations,Inactive,EMP0075,EMP0033
EMP0279,APAC,USA,Senior Manager,Compensation,Active,EMP0484,EMP0127
EMP0280,EMEA,Singapore,Director,Compensation,Inactive,EMP0431,EMP0318
EMP0281,APAC,Germany,Manager,Learning,Active,EMP0154,EMP0165
EMP0282,EMEA,Singapore,Manager,Compensation,Active,EMP0356,EMP0325
EMP0283,Americas,Denmark,Manager,HR Operations,Active,EMP0478,EMP0289
EMP0284,APAC,USA,Specialist,Compensation,Inactive,EMP0355,EMP0036
EMP0285,Americas,Germany,Director,Compensation,Active,EMP0217,EMP0405
EMP0286,APAC,Singapore,Manager,Compensation,Active,EMP0472,EMP0446
EMP0287,APAC,India,Manager,HR Business Partner,Inactive,EMP0332,EMP0314
EMP0288,EMEA,Germany,Director,Learning,Active,EMP0262,EMP0383
EMP0289,EMEA,Germany,Analyst,Talent Acquisition,Active,EMP0257,EMP0078
EMP0290,EMEA,Singapore,Director,HR Operations,Inactive,EMP0482,EMP0374
EMP0291,APAC,USA,Analyst,HR Business Partner,Inactive,EMP0179,EMP0244
EMP0292,Americas,Denmark,Director,HR Business Partner,Active,EMP0435,EMP0176
EMP0293,Americas,UK,Senior Manager,HR Operations,Inactive,EMP0491,EMP0237
EMP0294,APAC,UK,Specialist,HR Operations,Inactive,EMP0378,EMP0315
EMP0295,EMEA,Denmark,Analyst,HR Business Partner,Active,EMP0386,EMP0361
EMP0296,Americas,India,Manager,Compensation,Inactive,EMP0344,EMP0442
EMP0297,EMEA,India,Manager,HR Operations,Inactive,EMP0235,EMP0317
EMP0298,Americas,Germany,Specialist,HR Operations,Inactive,EMP0094,EMP0192
EMP0299,APAC,Denmark,Senior Manager,HR Operations,Active,EMP0326,EMP0276
EMP0300,APAC,Singapore,Director,Talent Acquisition,Active,EMP0028,EMP0444
EMP0301,EMEA,Denmark,Director,Compensation,Inactive,EMP0335,EMP0254
EMP0302,APAC,Brazil,Specialist,HR Operations,Inactive,EMP0408,EMP0390
EMP0303,Americas,Singapore,Director,Compensation,Active,EMP0235,
EMP0304,Americas,Singapore,Specialist,Compensation,Active,EMP0388,EMP0022
EMP0305,EMEA,Singapore,Specialist,Compensation,Inactive,EMP0448,EMP0017
EMP0306,Americas,Denmark,Specialist,Learning,Inactive,EMP0416,EMP0378
EMP0307,Americas,USA,Director,Talent Acquisition,Inactive,EMP0031,EMP0292
EMP0308,APAC,USA,Specialist,Learning,Active,EMP0488,EMP0440
EMP0309,Americas,Germany,Specialist,HR Operations,Active,EMP0444,EMP0068
EMP0310,Americas,Singapore,Senior Manager,Compensation,Inactive,EMP0324,EMP0138
EMP0311,Americas,India,Analyst,Talent Acquisition,Inactive,EMP0384,EMP0143
EMP0312,EMEA,Singapore,Senior Manager,Talent Acquisition,Active,EMP0498,EMP0235
EMP0313,EMEA,UK,Analyst,Talent Acquisition,Inactive,EMP0166,EMP0425
EMP0314,EMEA,Germany,Senior Manager,Compensation,Active,EMP0321,EMP0402
EMP0315,APAC,UK,Manager,HR Operations,Inactive,EMP0353,EMP0466
EMP0316,Americas,UK,Senior Manager,HR Operations,Active,EMP0191,EMP0341
EMP0317,APAC,Denmark,Specialist,HR Business Partner,Active,EMP0047,EMP0361
EMP0318,EMEA,UK,Senior Manager,HR Business Partner,Active,EMP0349,EMP0228
EMP0319,EMEA,USA,Senior Manager,HR Business Partner,Active,EMP0118,EMP0197
EMP0320,Americas,UK,Senior Manager,HR Operations,Active,EMP0417,EMP0386
EMP0321,APAC,India,Analyst,HR Operations,Inactive,EMP0370,EMP0110
EMP0322,APAC,USA,Analyst,Talent Acquisition,Inactive,EMP0374,EMP0197
EMP0323,APAC,Brazil,Director,Learning,Inactive,EMP0284,EMP0308
EMP0324,EMEA,India,Senior Manager,Talent Acquisition,Active,EMP0383,EMP0201
EMP0325,APAC,Germany,Senior Manager,Learning,Active,EMP0305,EMP0037
EMP0326,Americas,India,Manager,HR Operations,Inactive,EMP0280,EMP0350
EMP0327,EMEA,UK,Analyst,HR Business Partner,Inactive,EMP0021,EMP0473
EMP0328,EMEA,India,Specialist,Learning,Active,EMP0275,
EMP0329,EMEA,UK,Specialist,Learning,Inactive,EMP0414,EMP0080
EMP0330,EMEA,UK,Specialist,Compensation,Active,EMP0126,EMP0045
EMP0331,EMEA,Brazil,Manager,HR Operations,Active,EMP0007,EMP0363
EMP0332,EMEA,USA,Analyst,Talent Acquisition,Active,EMP0191,EMP0065
EMP0333,Americas,USA,Senior Manager,Learning,Active,EMP0365,EMP0500
EMP0334,Americas,UK,Analyst,Talent Acquisition,Active,EMP0291,EMP0086
EMP0335,APAC,Germany,Senior Manager,HR Business Partner,Active,EMP0380,EMP0261
EMP0336,APAC,Germany,Manager,HR Business Partner,Inactive,EMP0077,EMP0092
EMP0337,APAC,Denmark,Analyst,Learning,Inactive,EMP0423,EMP0040
EMP0338,APAC,Brazil,Analyst,Compensation,Inactive,EMP0206,EMP0036
EMP0339,EMEA,Brazil,Specialist,Learning,Inactive,EMP0103,EMP0150
EMP0340,APAC,Denmark,Manager,HR Operations,Active,EMP0462,EMP0280
EMP0341,Americas,UK,Analyst,HR Business Partner,Inactive,EMP0430,EMP0356
EMP0342,Americas,USA,Analyst,Compensation,Inactive,EMP0272,EMP0122
EMP0343,Americas,India,Analyst,Learning,Inactive,EMP0119,EMP0460
EMP0344,Americas,Denmark,Manager,Compensation,Active,EMP0069,EMP0327
EMP0345,EMEA,Denmark,Specialist,Compensation,Inactive,EMP0436,EMP0162
EMP0346,APAC,Germany,Manager,Learning,Active,EMP0400,EMP0395
EMP0347,EMEA,USA,Analyst,Talent Acquisition,Active,EMP0062,EMP0275
EMP0348,APAC,India,Specialist,Talent Acquisition,Active,EMP0414,EMP0352
EMP0349,APAC,India,Senior Manager,Learning,Active,EMP0183,EMP0203
EMP0350,APAC,India,Analyst,HR Operations,Active,EMP0384,EMP0282
EMP0351,Americas,UK,Analyst,HR Operations,Active,EMP0400,EMP0114
EMP0352,Americas,Germany,Analyst,HR Business Partner,Active,EMP0301,EMP0133
EMP0353,APAC,Denmark,Senior Manager,Talent Acquisition,Active,EMP0434,EMP0425
EMP0354,APAC,USA,Specialist,Compensation,Active,EMP0371,EMP0203
EMP0355,EMEA,Germany,Senior Manager,HR Operations,Active,EMP0144,EMP0229
EMP0356,Americas,Singapore,Specialist,Compensation,Active,EMP0045,EMP0144
EMP0357,Americas,Singapore,Manager,HR Business Partner,Inactive,EMP0411,EMP0279
EMP0358,APAC,USA,Specialist,Talent Acquisition,Inactive,EMP0290,EMP0258
EMP0359,Americas,Denmark,Analyst,Talent Acquisition,Active,EMP0459,EMP0416
EMP0360,EMEA,Singapore,Specialist,Talent Acquisition,Active,EMP0337,EMP0124
EMP0361,Americas,Denmark,Director,Talent Acquisition,Active,EMP0304,EMP0163
EMP0362,Americas,Denmark,Director,HR Business Partner,Active,EMP0090,EMP0252
EMP0363,Americas,Denmark,Analyst,Learning,Active,EMP0001,EMP0170
EMP0364,EMEA,UK,Senior Manager,HR Operations,Active,EMP0076,EMP0301
EMP0365,Americas,Germany,Senior Manager,Talent Acquisition,Inactive,EMP0052,EMP0173
EMP0366,EMEA,USA,Manager,Learning,Inactive,EMP0163,EMP0090
EMP0367,Americas,USA,Specialist,HR Business Partner,Inactive,EMP0091,EMP0374
EMP0368,APAC,USA,Specialist,Compensation,Active,EMP0290,EMP0054
EMP0369,EMEA,Denmark,Analyst,HR Business Partner,Inactive,EMP0454,EMP0494
EMP0370,EMEA,UK,Specialist,HR Business Partner,Active,EMP0132,EMP0403
EMP0371,EMEA,Singapore,Specialist,Compensation,Inactive,EMP0212,EMP0253
EMP0372,EMEA,India,Manager,HR Business Partner,Inactive,EMP0232,EMP0038
EMP0373,Americas,Brazil,Analyst,HR Operations,Active,EMP0455,EMP0193
EMP0374,APAC,USA,Specialist,HR Operations,Inactive,EMP0483,EMP0335
EMP0375,APAC,India,Senior Manager,Learning,Inactive,EMP0357,EMP0284
EMP0376,APAC,Germany,Manager,Compensation,Active,EMP0282,EMP0431
EMP0377,APAC,Denmark,Manager,Learning,Inactive,EMP0339,EMP0321
EMP0378,EMEA,UK,Analyst,HR Business Partner,Inactive,EMP0243,EMP0433
EMP0379,APAC,Germany,Manager,HR Operations,Inactive,EMP0279,EMP0199
EMP0380,Americas,UK,Analyst,HR Operations,Inactive,EMP0239,EMP0135
EMP0381,EMEA,Singapore,Senior Manager,Learning,Inactive,EMP0177,EMP0414
EMP0382,APAC,Germany,Analyst,Compensation,Active,EMP0275,EMP0352
EMP0383,APAC,Denmark,Specialist,Learning,Active,EMP0293,EMP0462
EMP0384,Americas,USA,Analyst,HR Business Partner,Inactive,EMP0022,EMP0217
EMP0385,APAC,Singapore,Director,Compensation,Inactive,EMP0199,EMP0285
EMP0386,APAC,Brazil,Director,Compensation,Active,EMP0268,EMP0401
EMP0387,Americas,USA,Manager,HR Business Partner,Active,EMP0494,EMP0482
EMP0388,EMEA,Germany,Director,Learning,Inactive,EMP0336,EMP0249
EMP0389,Americas,Denmark,Senior Manager,Compensation,Active,EMP0349,EMP0356
EMP0390,EMEA,USA,Analyst,Talent Acquisition,Active,EMP0138,EMP0460
EMP0391,EMEA,UK,Director,HR Operations,Inactive,EMP0445,EMP0117
EMP0392,Americas,Singapore,Analyst,Compensation,Active,EMP0046,EMP0097
EMP0393,Americas,Brazil,Specialist,HR Business Partner,Inactive,EMP0406,EMP0082
EMP0394,EMEA,India,Specialist,HR Operations,Active,EMP0449,EMP0427
EMP0395,APAC,USA,Director,Compensation,Inactive,EMP0189,EMP0422
EMP0396,EMEA,UK,Analyst,Compensation,Inactive,EMP0091,EMP0492
EMP0397,Americas,Denmark,Specialist,HR Business Partner,Active,EMP0015,EMP0198
EMP0398,APAC,UK,Director,Learning,Active,EMP0334,EMP0210
EMP0399,EMEA,Singapore,Senior Manager,Talent Acquisition,Inactive,EMP0005,EMP0115
EMP0400,Americas,UK,Director,Talent Acquisition,Inactive,EMP0112,EMP0239
EMP0401,APAC,USA,Manager,Talent Acquisition,Inactive,EMP0305,EMP0312
EMP0402,APAC,Singapore,Senior Manager,Talent Acquisition,Active,EMP0142,EMP0134
EMP0403,EMEA,Germany,Senior Manager,HR Operations,Active,EMP0164,EMP0349
EMP0404,Americas,Brazil,Senior Manager,Learning,Active,EMP0019,EMP0299
EMP0405,EMEA,India,Specialist,Talent Acquisition,Inactive,EMP0482,EMP0344
EMP0406,APAC,USA,Manager,Learning,Active,EMP0133,EMP0372
EMP0407,EMEA,Singapore,Senior Manager,Talent Acquisition,Inactive,EMP0404,EMP0455
EMP0408,Americas,India,Senior Manager,Learning,Active,EMP0444,EMP0325
EMP0409,EMEA,Germany,Senior Manager,HR Business Partner,Active,EMP0153,EMP0212
EMP0410,Americas,Denmark,Analyst,HR Operations,Active,EMP0162,EMP0442
EMP0411,APAC,Denmark,Senior Manager,HR Operations,Active,EMP0232,EMP0141
EMP0412,APAC,Brazil,Manager,Compensation,Inactive,EMP0220,EMP0207
EMP0413,Americas,UK,Specialist,Talent Acquisition,Active,EMP0008,EMP0457
EMP0414,Americas,Brazil,Specialist,Talent Acquisition,Active,EMP0450,EMP0177
EMP0415,EMEA,UK,Manager,Talent Acquisition,Inactive,EMP0422,EMP0024
EMP0416,APAC,Denmark,Specialist,HR Operations,Active,EMP0251,EMP0184
EMP0417,Americas,UK,Senior Manager,Learning,Active,EMP0376,EMP0012
EMP0418,Americas,Singapore,Analyst,Learning,Active,EMP0328,EMP0131
EMP0419,EMEA,UK,Specialist,Compensation,Inactive,EMP0060,EMP0214
EMP0420,Americas,Brazil,Director,HR Business Partner,Inactive,EMP0352,EMP0323
EMP0421,APAC,Singapore,Senior Manager,Compensation,Active,EMP0359,EMP0071
EMP0422,EMEA,Denmark,Director,Talent Acquisition,Active,EMP0312,EMP0103
EMP0423,APAC,UK,Analyst,Compensation,Inactive,EMP0467,EMP0107
EMP0424,Americas,UK,Manager,Compensation,Active,EMP0294,EMP0343
EMP0425,APAC,Singapore,Analyst,Talent Acquisition,Inactive,EMP0119,EMP0234
EMP0426,APAC,India,Specialist,Talent Acquisition,Inactive,EMP0149,EMP0185
EMP0427,EMEA,Denmark,Senior Manager,Compensation,Inactive,EMP0184,EMP0458
EMP0428,Americas,Singapore,Analyst,Talent Acquisition,Inactive,EMP0493,EMP0234
EMP0429,Americas,Germany,Senior Manager,HR Business Partner,Active,EMP0357,EMP0372
EMP0430,EMEA,India,Senior Manager,Talent Acquisition,Active,EMP0313,EMP0195
EMP0431,Americas,Brazil,Director,Talent Acquisition,Active,EMP0033,EMP0134
EMP0432,APAC,Singapore,Director,HR Operations,Inactive,EMP0222,EMP0339
EMP0433,APAC,Singapore,Manager,HR Operations,Inactive,EMP0006,EMP0330
EMP0434,EMEA,Singapore,Analyst,Talent Acquisition,Active,EMP0170,EMP0497
EMP0435,EMEA,USA,Senior Manager,Learning,Inactive,EMP0228,EMP0411
EMP0436,Americas,Brazil,Analyst,HR Business Partner,Inactive,EMP0335,EMP0010
EMP0437,EMEA,USA,Specialist,Learning,Inactive,EMP0310,EMP0494
EMP0438,APAC,India,Specialist,Learning,Inactive,EMP0233,EMP0170
EMP0439,APAC,Germany,Senior Manager,Talent Acquisition,Inactive,EMP0175,EMP0182
EMP0440,APAC,Germany,Manager,HR Operations,Active,EMP0131,EMP0313
EMP0441,Americas,Brazil,Specialist,HR Business Partner,Active,EMP0388,EMP0213
EMP0442,Americas,Singapore,Director,Learning,Active,EMP0256,EMP0003
EMP0443,Americas,Germany,Director,HR Operations,Active,EMP0375,EMP0418
EMP0444,EMEA,Germany,Specialist,HR Operations,Inactive,EMP0355,EMP0391
EMP0445,APAC,Denmark,Manager,Learning,Inactive,EMP0309,EMP0359
EMP0446,EMEA,Brazil,Director,HR Operations,Active,EMP0177,EMP0472
EMP0447,Americas,India,Senior Manager,Compensation,Inactive,EMP0483,EMP0342
EMP0448,EMEA,UK,Specialist,HR Business Partner,Active,EMP0028,EMP0344
EMP0449,EMEA,India,Director,Talent Acquisition,Active,EMP0032,EMP0354
EMP0450,Americas,UK,Senior Manager,Learning,Inactive,EMP0115,EMP0381
EMP0451,APAC,Brazil,Specialist,Talent Acquisition,Active,EMP0214,EMP0490
EMP0452,EMEA,Denmark,Analyst,Talent Acquisition,Active,EMP0325,EMP0361
EMP0453,EMEA,USA,Manager,Learning,Active,EMP0493,EMP0089
EMP0454,Americas,Denmark,Specialist,Talent Acquisition,Active,EMP0083,EMP0300
EMP0455,APAC,Singapore,Manager,HR Business Partner,Inactive,EMP0166,EMP0306
EMP0456,Americas,Brazil,Analyst,HR Operations,Active,EMP0113,EMP0490
EMP0457,EMEA,Denmark,Director,HR Operations,Inactive,EMP0114,EMP0453
EMP0458,APAC,UK,Director,HR Business Partner,Active,EMP0288,EMP0422
EMP0459,EMEA,Brazil,Manager,Talent Acquisition,Inactive,EMP0491,EMP0021
EMP0460,EMEA,UK,Manager,Talent Acquisition,Inactive,EMP0467,EMP0265
EMP0461,APAC,UK,Specialist,HR Business Partner,Active,EMP0043,EMP0486
EMP0462,Americas,UK,Analyst,HR Business Partner,Active,EMP0351,EMP0218
EMP0463,APAC,Singapore,Director,HR Business Partner,Active,EMP0368,EMP0170
EMP0464,EMEA,UK,Senior Manager,HR Operations,Inactive,EMP0295,EMP0421
EMP0465,Americas,Singapore,Manager,HR Business Partner,Active,EMP0009,EMP0200
EMP0466,EMEA,Germany,Analyst,Talent Acquisition,Inactive,EMP0258,EMP0055
EMP0467,Americas,Denmark,Manager,HR Operations,Active,EMP0081,EMP0274
EMP0468,APAC,Brazil,Senior Manager,Learning,Active,EMP0487,EMP0006
EMP0469,APAC,Germany,Director,HR Business Partner,Inactive,EMP0281,EMP0485
EMP0470,APAC,UK,Analyst,HR Operations,Inactive,EMP0083,EMP0095
EMP0471,Americas,India,Analyst,Learning,Inactive,EMP0385,EMP0478
EMP0472,Americas,UK,Analyst,Compensation,Inactive,EMP0372,EMP0298
EMP0473,EMEA,Brazil,Manager,HR Operations,Inactive,EMP0318,EMP0036
EMP0474,APAC,India,Specialist,Learning,Inactive,EMP0300,EMP0079
EMP0475,Americas,UK,Senior Manager,Compensation,Inactive,EMP0114,EMP0365
EMP0476,Americas,Brazil,Manager,Talent Acquisition,Inactive,EMP0229,EMP0184
EMP0477,Americas,India,Director,Learning,Active,EMP0424,EMP0072
EMP0478,Americas,USA,Director,Learning,Inactive,EMP0016,EMP0417
EMP0479,Americas,UK,Specialist,HR Operations,Inactive,EMP0335,EMP0397
EMP0480,Americas,Denmark,Specialist,HR Business Partner,Inactive,EMP0257,EMP0262
EMP0481,Americas,UK,Manager,Compensation,Active,EMP0264,EMP0072
EMP0482,EMEA,Denmark,Specialist,Compensation,Active,EMP0113,EMP0390
EMP0483,APAC,India,Manager,Talent Acquisition,Inactive,EMP0465,EMP0406
EMP0484,EMEA,UK,Manager,Learning,Inactive,EMP0361,EMP0496
EMP0485,Americas,Germany,Manager,HR Business Partner,Inactive,EMP0335,EMP0460
EMP0486,APAC,Denmark,Director,Learning,Active,EMP0406,EMP0247
EMP0487,Americas,UK,Specialist,HR Operations,Active,EMP0144,EMP0109
EMP0488,APAC,Brazil,Senior Manager,HR Business Partner,Inactive,EMP0416,EMP0170
EMP0489,Americas,Denmark,Specialist,HR Operations,Active,EMP0125,EMP0023
EMP0490,APAC,Denmark,Director,Learning,Inactive,EMP0473,EMP0093
EMP0491,Americas,Singapore,Director,HR Operations,Active,EMP0445,EMP0247
EMP0492,APAC,Germany,Specialist,HR Operations,Inactive,EMP0262,EMP0136
EMP0493,APAC,Germany,Director,Learning,Inactive,EMP0009,EMP0104
EMP0494,Americas,Denmark,Director,Learning,Active,EMP0450,EMP0402
EMP0495,Americas,Brazil,Specialist,Compensation,Inactive,EMP0001,EMP0460
EMP0496,APAC,USA,Specialist,Compensation,Inactive,EMP0411,EMP0247
EMP0497,APAC,UK,Analyst,Talent Acquisition,Inactive,EMP0440,EMP0043
EMP0498,Americas,Singapore,Senior Manager,Learning,Active,EMP0268,EMP0061
EMP0499,Americas,USA,Manager,Compensation,Inactive,EMP0055,EMP0080
EMP0500,EMEA,Brazil,Senior Manager,HR Operations,Inactive,EMP0204,EMP0387
